 "toh" , "id" ,
 "159" , "http://purl.bdrc.io/resource/W22084_0159" ,
 "245" , "http://purl.bdrc.io/resource/W22084_0245" ,
 "132" , "http://purl.bdrc.io/resource/W22084_0132" ,
 "153" , "http://purl.bdrc.io/resource/W22084_0153" ,
 "95" , "http://purl.bdrc.io/resource/W22084_0095" ,
 "204" , "http://purl.bdrc.io/resource/W22084_0204" ,
 "144" , "http://purl.bdrc.io/resource/W22084_0144" ,
 "251" , "http://purl.bdrc.io/resource/W22084_0251" ,
 "142" , "http://purl.bdrc.io/resource/W22084_0142" ,
 "299" , "http://purl.bdrc.io/resource/W22084_0299" ,
 "296" , "http://purl.bdrc.io/resource/W22084_0296" ,
 "303" , "http://purl.bdrc.io/resource/W22084_0303" ,
 "219" , "http://purl.bdrc.io/resource/W22084_0219" ,
 "107" , "http://purl.bdrc.io/resource/W22084_0107" ,
 "143" , "http://purl.bdrc.io/resource/W22084_0143" ,
 "206" , "http://purl.bdrc.io/resource/W22084_0206" ,
 "352" , "http://purl.bdrc.io/resource/W22084_0352" ,
 "179" , "http://purl.bdrc.io/resource/W22084_0179" ,
 "165" , "http://purl.bdrc.io/resource/W22084_0165" ,
 "317" , "http://purl.bdrc.io/resource/W22084_0317" ,
 "109" , "http://purl.bdrc.io/resource/W22084_0109" ,
 "139" , "http://purl.bdrc.io/resource/W22084_0139" ,
 "311" , "http://purl.bdrc.io/resource/W22084_0311" ,
 "357" , "http://purl.bdrc.io/resource/W22084_0357" ,
 "298" , "http://purl.bdrc.io/resource/W22084_0298" ,
 "295" , "http://purl.bdrc.io/resource/W22084_0295" ,
 "347" , "http://purl.bdrc.io/resource/W22084_0347" ,
 "240" , "http://purl.bdrc.io/resource/W22084_0240" ,
 "152" , "http://purl.bdrc.io/resource/W22084_0152" ,
 "230" , "http://purl.bdrc.io/resource/W22084_0230" ,
 "278" , "http://purl.bdrc.io/resource/W22084_0278" ,
 "192" , "http://purl.bdrc.io/resource/W22084_0192" ,
 "351" , "http://purl.bdrc.io/resource/W22084_0351" ,
 "163" , "http://purl.bdrc.io/resource/W22084_0163" ,
 "161" , "http://purl.bdrc.io/resource/W22084_0161" ,
 "290" , "http://purl.bdrc.io/resource/W22084_0290" ,
 "291" , "http://purl.bdrc.io/resource/W22084_0291" ,
 "349" , "http://purl.bdrc.io/resource/W22084_0349" ,
 "111" , "http://purl.bdrc.io/resource/W22084_0111" ,
 "283" , "http://purl.bdrc.io/resource/W22084_0283" ,
 "335" , "http://purl.bdrc.io/resource/W22084_0335" ,
 "336" , "http://purl.bdrc.io/resource/W22084_0336" ,
 "201" , "http://purl.bdrc.io/resource/W22084_0201" ,
 "100" , "http://purl.bdrc.io/resource/W22084_0100" ,
 "145" , "http://purl.bdrc.io/resource/W22084_0145" ,
 "279" , "http://purl.bdrc.io/resource/W22084_0279" ,
 "274" , "http://purl.bdrc.io/resource/W22084_0274" ,
 "275" , "http://purl.bdrc.io/resource/W22084_0275" ,
 "183" , "http://purl.bdrc.io/resource/W22084_0183" ,
 "324" , "http://purl.bdrc.io/resource/W22084_0324" ,
 "220" , "http://purl.bdrc.io/resource/W22084_0220" ,
 "197" , "http://purl.bdrc.io/resource/W22084_0197" ,
 "174" , "http://purl.bdrc.io/resource/W22084_0174" ,
 "123" , "http://purl.bdrc.io/resource/W22084_0123" ,
 "141" , "http://purl.bdrc.io/resource/W22084_0141" ,
 "301" , "http://purl.bdrc.io/resource/W22084_0301" ,
 "265" , "http://purl.bdrc.io/resource/W22084_0265" ,
 "176" , "http://purl.bdrc.io/resource/W22084_0176" ,
 "198" , "http://purl.bdrc.io/resource/W22084_0198" ,
 "171" , "http://purl.bdrc.io/resource/W22084_0171" ,
 "115" , "http://purl.bdrc.io/resource/W22084_0115" ,
 "248" , "http://purl.bdrc.io/resource/W22084_0248" ,
 "257" , "http://purl.bdrc.io/resource/W22084_0257" ,
 "307" , "http://purl.bdrc.io/resource/W22084_0307" ,
 "239" , "http://purl.bdrc.io/resource/W22084_0239" ,
 "136" , "http://purl.bdrc.io/resource/W22084_0136" ,
 "243" , "http://purl.bdrc.io/resource/W22084_0243" ,
 "260" , "http://purl.bdrc.io/resource/W22084_0260" ,
 "207" , "http://purl.bdrc.io/resource/W22084_0207" ,
 "228" , "http://purl.bdrc.io/resource/W22084_0228" ,
 "223" , "http://purl.bdrc.io/resource/W22084_0223" ,
 "122" , "http://purl.bdrc.io/resource/W22084_0122" ,
 "181" , "http://purl.bdrc.io/resource/W22084_0181" ,
 "320" , "http://purl.bdrc.io/resource/W22084_0320" ,
 "269" , "http://purl.bdrc.io/resource/W22084_0269" ,
 "158" , "http://purl.bdrc.io/resource/W22084_0158" ,
 "137" , "http://purl.bdrc.io/resource/W22084_0137" ,
 "338" , "http://purl.bdrc.io/resource/W22084_0338" ,
 "187" , "http://purl.bdrc.io/resource/W22084_0187" ,
 "297" , "http://purl.bdrc.io/resource/W22084_0297" ,
 "162" , "http://purl.bdrc.io/resource/W22084_0162" ,
 "182" , "http://purl.bdrc.io/resource/W22084_0182" ,
 "327" , "http://purl.bdrc.io/resource/W22084_0327" ,
 "216" , "http://purl.bdrc.io/resource/W22084_0216" ,
 "101" , "http://purl.bdrc.io/resource/W22084_0101" ,
 "263" , "http://purl.bdrc.io/resource/W22084_0263" ,
 "315" , "http://purl.bdrc.io/resource/W22084_0315" ,
 "316" , "http://purl.bdrc.io/resource/W22084_0316" ,
 "359" , "http://purl.bdrc.io/resource/W22084_0359" ,
 "224" , "http://purl.bdrc.io/resource/W22084_0224" ,
 "169" , "http://purl.bdrc.io/resource/W22084_0169" ,
 "252" , "http://purl.bdrc.io/resource/W22084_0252" ,
 "164" , "http://purl.bdrc.io/resource/W22084_0164" ,
 "348" , "http://purl.bdrc.io/resource/W22084_0348" ,
 "288" , "http://purl.bdrc.io/resource/W22084_0288" ,
 "156" , "http://purl.bdrc.io/resource/W22084_0156" ,
 "353" , "http://purl.bdrc.io/resource/W22084_0353" ,
 "178" , "http://purl.bdrc.io/resource/W22084_0178" ,
 "225" , "http://purl.bdrc.io/resource/W22084_0225" ,
 "167" , "http://purl.bdrc.io/resource/W22084_0167" ,
 "217" , "http://purl.bdrc.io/resource/W22084_0217" ,
 "212" , "http://purl.bdrc.io/resource/W22084_0212" ,
 "345" , "http://purl.bdrc.io/resource/W22084_0345" ,
 "343" , "http://purl.bdrc.io/resource/W22084_0343" ,
 "242" , "http://purl.bdrc.io/resource/W22084_0242" ,
 "282" , "http://purl.bdrc.io/resource/W22084_0282" ,
 "195" , "http://purl.bdrc.io/resource/W22084_0195" ,
 "119" , "http://purl.bdrc.io/resource/W22084_0119" ,
 "205" , "http://purl.bdrc.io/resource/W22084_0205" ,
 "331" , "http://purl.bdrc.io/resource/W22084_0331" ,
 "184" , "http://purl.bdrc.io/resource/W22084_0184" ,
 "280" , "http://purl.bdrc.io/resource/W22084_0280" ,
 "236" , "http://purl.bdrc.io/resource/W22084_0236" ,
 "151" , "http://purl.bdrc.io/resource/W22084_0151" ,
 "172" , "http://purl.bdrc.io/resource/W22084_0172" ,
 "314" , "http://purl.bdrc.io/resource/W22084_0314" ,
 "229" , "http://purl.bdrc.io/resource/W22084_0229" ,
 "287" , "http://purl.bdrc.io/resource/W22084_0287" ,
 "208" , "http://purl.bdrc.io/resource/W22084_0208" ,
 "266" , "http://purl.bdrc.io/resource/W22084_0266" ,
 "330" , "http://purl.bdrc.io/resource/W22084_0330" ,
 "203" , "http://purl.bdrc.io/resource/W22084_0203" ,
 "118" , "http://purl.bdrc.io/resource/W22084_0118" ,
 "261" , "http://purl.bdrc.io/resource/W22084_0261" ,
 "155" , "http://purl.bdrc.io/resource/W22084_0155" ,
 "134" , "http://purl.bdrc.io/resource/W22084_0134" ,
 "113" , "http://purl.bdrc.io/resource/W22084_0113" ,
 "150" , "http://purl.bdrc.io/resource/W22084_0150" ,
 "326" , "http://purl.bdrc.io/resource/W22084_0326" ,
 "305" , "http://purl.bdrc.io/resource/W22084_0305" ,
 "342" , "http://purl.bdrc.io/resource/W22084_0342" ,
 "321" , "http://purl.bdrc.io/resource/W22084_0321" ,
 "300" , "http://purl.bdrc.io/resource/W22084_0300" ,
 "294" , "http://purl.bdrc.io/resource/W22084_0294" ,
 "215" , "http://purl.bdrc.io/resource/W22084_0215" ,
 "273" , "http://purl.bdrc.io/resource/W22084_0273" ,
 "188" , "http://purl.bdrc.io/resource/W22084_0188" ,
 "231" , "http://purl.bdrc.io/resource/W22084_0231" ,
 "146" , "http://purl.bdrc.io/resource/W22084_0146" ,
 "210" , "http://purl.bdrc.io/resource/W22084_0210" ,
 "125" , "http://purl.bdrc.io/resource/W22084_0125" ,
 "104" , "http://purl.bdrc.io/resource/W22084_0104" ,
 "98" , "http://purl.bdrc.io/resource/W22084_0098" ,
 "120" , "http://purl.bdrc.io/resource/W22084_0120" ,
 "354" , "http://purl.bdrc.io/resource/W22084_0354" ,
 "333" , "http://purl.bdrc.io/resource/W22084_0333" ,
 "312" , "http://purl.bdrc.io/resource/W22084_0312" ,
 "227" , "http://purl.bdrc.io/resource/W22084_0227" ,
 "285" , "http://purl.bdrc.io/resource/W22084_0285" ,
 "264" , "http://purl.bdrc.io/resource/W22084_0264" ,
 "222" , "http://purl.bdrc.io/resource/W22084_0222" ,
 "116" , "http://purl.bdrc.io/resource/W22084_0116" ,
 "190" , "http://purl.bdrc.io/resource/W22084_0190" ,
 "329" , "http://purl.bdrc.io/resource/W22084_0329" ,
 "308" , "http://purl.bdrc.io/resource/W22084_0308" ,
 "218" , "http://purl.bdrc.io/resource/W22084_0218" ,
 "276" , "http://purl.bdrc.io/resource/W22084_0276" ,
 "340" , "http://purl.bdrc.io/resource/W22084_0340" ,
 "255" , "http://purl.bdrc.io/resource/W22084_0255" ,
 "234" , "http://purl.bdrc.io/resource/W22084_0234" ,
 "149" , "http://purl.bdrc.io/resource/W22084_0149" ,
 "292" , "http://purl.bdrc.io/resource/W22084_0292" ,
 "213" , "http://purl.bdrc.io/resource/W22084_0213" ,
 "128" , "http://purl.bdrc.io/resource/W22084_0128" ,
 "271" , "http://purl.bdrc.io/resource/W22084_0271" ,
 "186" , "http://purl.bdrc.io/resource/W22084_0186" ,
 "250" , "http://purl.bdrc.io/resource/W22084_0250" ,
 "102" , "http://purl.bdrc.io/resource/W22084_0102" ,
 "96" , "http://purl.bdrc.io/resource/W22084_0096" ,
 "160" , "http://purl.bdrc.io/resource/W22084_0160" ,
 "209" , "http://purl.bdrc.io/resource/W22084_0209" ,
 "267" , "http://purl.bdrc.io/resource/W22084_0267" ,
 "246" , "http://purl.bdrc.io/resource/W22084_0246" ,
 "310" , "http://purl.bdrc.io/resource/W22084_0310" ,
 "262" , "http://purl.bdrc.io/resource/W22084_0262" ,
 "177" , "http://purl.bdrc.io/resource/W22084_0177" ,
 "241" , "http://purl.bdrc.io/resource/W22084_0241" ,
 "135" , "http://purl.bdrc.io/resource/W22084_0135" ,
 "193" , "http://purl.bdrc.io/resource/W22084_0193" ,
 "114" , "http://purl.bdrc.io/resource/W22084_0114" ,
 "130" , "http://purl.bdrc.io/resource/W22084_0130" ,
 "306" , "http://purl.bdrc.io/resource/W22084_0306" ,
 "258" , "http://purl.bdrc.io/resource/W22084_0258" ,
 "322" , "http://purl.bdrc.io/resource/W22084_0322" ,
 "237" , "http://purl.bdrc.io/resource/W22084_0237" ,
 "189" , "http://purl.bdrc.io/resource/W22084_0189" ,
 "253" , "http://purl.bdrc.io/resource/W22084_0253" ,
 "168" , "http://purl.bdrc.io/resource/W22084_0168" ,
 "232" , "http://purl.bdrc.io/resource/W22084_0232" ,
 "147" , "http://purl.bdrc.io/resource/W22084_0147" ,
 "211" , "http://purl.bdrc.io/resource/W22084_0211" ,
 "126" , "http://purl.bdrc.io/resource/W22084_0126" ,
 "99" , "http://purl.bdrc.io/resource/W22084_0099" ,
 "105" , "http://purl.bdrc.io/resource/W22084_0105" ,
 "121" , "http://purl.bdrc.io/resource/W22084_0121" ,
 "94" , "http://purl.bdrc.io/resource/W22084_0094" ,
 "339" , "http://purl.bdrc.io/resource/W22084_0339" ,
 "318" , "http://purl.bdrc.io/resource/W22084_0318" ,
 "355" , "http://purl.bdrc.io/resource/W22084_0355" ,
 "334" , "http://purl.bdrc.io/resource/W22084_0334" ,
 "249" , "http://purl.bdrc.io/resource/W22084_0249" ,
 "313" , "http://purl.bdrc.io/resource/W22084_0313" ,
 "286" , "http://purl.bdrc.io/resource/W22084_0286" ,
 "350" , "http://purl.bdrc.io/resource/W22084_0350" ,
 "244" , "http://purl.bdrc.io/resource/W22084_0244" ,
 "138" , "http://purl.bdrc.io/resource/W22084_0138" ,
 "281" , "http://purl.bdrc.io/resource/W22084_0281" ,
 "202" , "http://purl.bdrc.io/resource/W22084_0202" ,
 "196" , "http://purl.bdrc.io/resource/W22084_0196" ,
 "117" , "http://purl.bdrc.io/resource/W22084_0117" ,
 "175" , "http://purl.bdrc.io/resource/W22084_0175" ,
 "154" , "http://purl.bdrc.io/resource/W22084_0154" ,
 "133" , "http://purl.bdrc.io/resource/W22084_0133" ,
 "191" , "http://purl.bdrc.io/resource/W22084_0191" ,
 "112" , "http://purl.bdrc.io/resource/W22084_0112" ,
 "170" , "http://purl.bdrc.io/resource/W22084_0170" ,
 "309" , "http://purl.bdrc.io/resource/W22084_0309" ,
 "346" , "http://purl.bdrc.io/resource/W22084_0346" ,
 "359a" , "http://purl.bdrc.io/resource/W22084_0359A" ,
 "325" , "http://purl.bdrc.io/resource/W22084_0325" ,
 "304" , "http://purl.bdrc.io/resource/W22084_0304" ,
 "277" , "http://purl.bdrc.io/resource/W22084_0277" ,
 "341" , "http://purl.bdrc.io/resource/W22084_0341" ,
 "256" , "http://purl.bdrc.io/resource/W22084_0256" ,
 "235" , "http://purl.bdrc.io/resource/W22084_0235" ,
 "293" , "http://purl.bdrc.io/resource/W22084_0293" ,
 "214" , "http://purl.bdrc.io/resource/W22084_0214" ,
 "129" , "http://purl.bdrc.io/resource/W22084_0129" ,
 "272" , "http://purl.bdrc.io/resource/W22084_0272" ,
 "108" , "http://purl.bdrc.io/resource/W22084_0108" ,
 "166" , "http://purl.bdrc.io/resource/W22084_0166" ,
 "124" , "http://purl.bdrc.io/resource/W22084_0124" ,
 "103" , "http://purl.bdrc.io/resource/W22084_0103" ,
 "97" , "http://purl.bdrc.io/resource/W22084_0097" ,
 "140" , "http://purl.bdrc.io/resource/W22084_0140" ,
 "221" , "http://purl.bdrc.io/resource/W22084_0221" ,
 "194" , "http://purl.bdrc.io/resource/W22084_0194" ,
 "270" , "http://purl.bdrc.io/resource/W22084_0270" ,
 "332" , "http://purl.bdrc.io/resource/W22084_0332" ,
 "127" , "http://purl.bdrc.io/resource/W22084_0127" ,
 "157" , "http://purl.bdrc.io/resource/W22084_0157" ,
 "185" , "http://purl.bdrc.io/resource/W22084_0185" ,
 "259" , "http://purl.bdrc.io/resource/W22084_0259" ,
 "323" , "http://purl.bdrc.io/resource/W22084_0323" ,
 "199" , "http://purl.bdrc.io/resource/W22084_0199" ,
 "289" , "http://purl.bdrc.io/resource/W22084_0289" ,
 "173" , "http://purl.bdrc.io/resource/W22084_0173" ,
 "200" , "http://purl.bdrc.io/resource/W22084_0200" ,
 "247" , "http://purl.bdrc.io/resource/W22084_0247" ,
 "284" , "http://purl.bdrc.io/resource/W22084_0284" ,
 "358" , "http://purl.bdrc.io/resource/W22084_0358" ,
 "302" , "http://purl.bdrc.io/resource/W22084_0302" ,
 "180" , "http://purl.bdrc.io/resource/W22084_0180" ,
 "337" , "http://purl.bdrc.io/resource/W22084_0337" ,
 "319" , "http://purl.bdrc.io/resource/W22084_0319" ,
 "238" , "http://purl.bdrc.io/resource/W22084_0238" ,
 "106" , "http://purl.bdrc.io/resource/W22084_0106" ,
 "254" , "http://purl.bdrc.io/resource/W22084_0254" ,
 "226" , "http://purl.bdrc.io/resource/W22084_0226" ,
 "110" , "http://purl.bdrc.io/resource/W22084_0110" ,
 "356" , "http://purl.bdrc.io/resource/W22084_0356" ,
 "148" , "http://purl.bdrc.io/resource/W22084_0148" ,
 "233" , "http://purl.bdrc.io/resource/W22084_0233" ,
 "131" , "http://purl.bdrc.io/resource/W22084_0131" ,
 "328" , "http://purl.bdrc.io/resource/W22084_0328" ,
 "268" , "http://purl.bdrc.io/resource/W22084_0268" ,
 "344" , "http://purl.bdrc.io/resource/W22084_0344" ,
 "921" , "http://purl.bdrc.io/resource/W22084_0921" ,
 "955" , "http://purl.bdrc.io/resource/W22084_0955" ,
 "970" , "http://purl.bdrc.io/resource/W22084_0970" ,
 "1062" , "http://purl.bdrc.io/resource/W22084_1062" ,
 "1060" , "http://purl.bdrc.io/resource/W22084_1060" ,
 "995" , "http://purl.bdrc.io/resource/W22084_0995" ,
 "1055" , "http://purl.bdrc.io/resource/W22084_1055" ,
 "902" , "http://purl.bdrc.io/resource/W22084_0902" ,
 "972" , "http://purl.bdrc.io/resource/W22084_0972" ,
 "877" , "http://purl.bdrc.io/resource/W22084_0877" ,
 "901" , "http://purl.bdrc.io/resource/W22084_0901" ,
 "934" , "http://purl.bdrc.io/resource/W22084_0934" ,
 "918" , "http://purl.bdrc.io/resource/W22084_0918" ,
 "1099" , "http://purl.bdrc.io/resource/W22084_1099" ,
 "854" , "http://purl.bdrc.io/resource/W22084_0854" ,
 "865" , "http://purl.bdrc.io/resource/W22084_0865" ,
 "1030" , "http://purl.bdrc.io/resource/W22084_1030" ,
 "930" , "http://purl.bdrc.io/resource/W22084_0930" ,
 "1019" , "http://purl.bdrc.io/resource/W22084_1019" ,
 "941" , "http://purl.bdrc.io/resource/W22084_0941" ,
 "1087" , "http://purl.bdrc.io/resource/W22084_1087" ,
 "967" , "http://purl.bdrc.io/resource/W22084_0967" ,
 "946" , "http://purl.bdrc.io/resource/W22084_0946" ,
 "997" , "http://purl.bdrc.io/resource/W22084_0997" ,
 "887" , "http://purl.bdrc.io/resource/W22084_0887" ,
 "996" , "http://purl.bdrc.io/resource/W22084_0996" ,
 "984" , "http://purl.bdrc.io/resource/W22084_0984" ,
 "932" , "http://purl.bdrc.io/resource/W22084_0932" ,
 "1001" , "http://purl.bdrc.io/resource/W22084_1001" ,
 "1075" , "http://purl.bdrc.io/resource/W22084_1075" ,
 "894" , "http://purl.bdrc.io/resource/W22084_0894" ,
 "1020" , "http://purl.bdrc.io/resource/W22084_1020" ,
 "1047" , "http://purl.bdrc.io/resource/W22084_1047" ,
 "976" , "http://purl.bdrc.io/resource/W22084_0976" ,
 "848" , "http://purl.bdrc.io/resource/W22084_0848" ,
 "1040" , "http://purl.bdrc.io/resource/W22084_1040" ,
 "847" , "http://purl.bdrc.io/resource/W22084_0847" ,
 "999" , "http://purl.bdrc.io/resource/W22084_0999" ,
 "987" , "http://purl.bdrc.io/resource/W22084_0987" ,
 "961" , "http://purl.bdrc.io/resource/W22084_0961" ,
 "1081" , "http://purl.bdrc.io/resource/W22084_1081" ,
 "944" , "http://purl.bdrc.io/resource/W22084_0944" ,
 "916" , "http://purl.bdrc.io/resource/W22084_0916" ,
 "874" , "http://purl.bdrc.io/resource/W22084_0874" ,
 "953" , "http://purl.bdrc.io/resource/W22084_0953" ,
 "907" , "http://purl.bdrc.io/resource/W22084_0907" ,
 "1014" , "http://purl.bdrc.io/resource/W22084_1014" ,
 "913" , "http://purl.bdrc.io/resource/W22084_0913" ,
 "933" , "http://purl.bdrc.io/resource/W22084_0933" ,
 "1044" , "http://purl.bdrc.io/resource/W22084_1044" ,
 "992" , "http://purl.bdrc.io/resource/W22084_0992" ,
 "886" , "http://purl.bdrc.io/resource/W22084_0886" ,
 "1105" , "http://purl.bdrc.io/resource/W22084_1105" ,
 "909" , "http://purl.bdrc.io/resource/W22084_0909" ,
 "890" , "http://purl.bdrc.io/resource/W22084_0890" ,
 "1083" , "http://purl.bdrc.io/resource/W22084_1083" ,
 "878" , "http://purl.bdrc.io/resource/W22084_0878" ,
 "917" , "http://purl.bdrc.io/resource/W22084_0917" ,
 "1053" , "http://purl.bdrc.io/resource/W22084_1053" ,
 "905" , "http://purl.bdrc.io/resource/W22084_0905" ,
 "1108" , "http://purl.bdrc.io/resource/W22084_1108" ,
 "954" , "http://purl.bdrc.io/resource/W22084_0954" ,
 "1017" , "http://purl.bdrc.io/resource/W22084_1017" ,
 "965" , "http://purl.bdrc.io/resource/W22084_0965" ,
 "939" , "http://purl.bdrc.io/resource/W22084_0939" ,
 "1106" , "http://purl.bdrc.io/resource/W22084_1106" ,
 "1097" , "http://purl.bdrc.io/resource/W22084_1097" ,
 "1100" , "http://purl.bdrc.io/resource/W22084_1100" ,
 "975" , "http://purl.bdrc.io/resource/W22084_0975" ,
 "855" , "http://purl.bdrc.io/resource/W22084_0855" ,
 "1059" , "http://purl.bdrc.io/resource/W22084_1059" ,
 "1015" , "http://purl.bdrc.io/resource/W22084_1015" ,
 "1071" , "http://purl.bdrc.io/resource/W22084_1071" ,
 "904" , "http://purl.bdrc.io/resource/W22084_0904" ,
 "910" , "http://purl.bdrc.io/resource/W22084_0910" ,
 "915" , "http://purl.bdrc.io/resource/W22084_0915" ,
 "888" , "http://purl.bdrc.io/resource/W22084_0888" ,
 "998" , "http://purl.bdrc.io/resource/W22084_0998" ,
 "1034" , "http://purl.bdrc.io/resource/W22084_1034" ,
 "991" , "http://purl.bdrc.io/resource/W22084_0991" ,
 "980" , "http://purl.bdrc.io/resource/W22084_0980" ,
 "1004" , "http://purl.bdrc.io/resource/W22084_1004" ,
 "1025" , "http://purl.bdrc.io/resource/W22084_1025" ,
 "1003" , "http://purl.bdrc.io/resource/W22084_1003" ,
 "994" , "http://purl.bdrc.io/resource/W22084_0994" ,
 "1002" , "http://purl.bdrc.io/resource/W22084_1002" ,
 "862" , "http://purl.bdrc.io/resource/W22084_0862" ,
 "856" , "http://purl.bdrc.io/resource/W22084_0856" ,
 "1104" , "http://purl.bdrc.io/resource/W22084_1104" ,
 "959" , "http://purl.bdrc.io/resource/W22084_0959" ,
 "963" , "http://purl.bdrc.io/resource/W22084_0963" ,
 "940" , "http://purl.bdrc.io/resource/W22084_0940" ,
 "892" , "http://purl.bdrc.io/resource/W22084_0892" ,
 "871" , "http://purl.bdrc.io/resource/W22084_0871" ,
 "850" , "http://purl.bdrc.io/resource/W22084_0850" ,
 "1107" , "http://purl.bdrc.io/resource/W22084_1107" ,
 "1038" , "http://purl.bdrc.io/resource/W22084_1038" ,
 "1102" , "http://purl.bdrc.io/resource/W22084_1102" ,
 "1096" , "http://purl.bdrc.io/resource/W22084_1096" ,
 "978" , "http://purl.bdrc.io/resource/W22084_0978" ,
 "957" , "http://purl.bdrc.io/resource/W22084_0957" ,
 "1054" , "http://purl.bdrc.io/resource/W22084_1054" ,
 "936" , "http://purl.bdrc.io/resource/W22084_0936" ,
 "1033" , "http://purl.bdrc.io/resource/W22084_1033" ,
 "1091" , "http://purl.bdrc.io/resource/W22084_1091" ,
 "973" , "http://purl.bdrc.io/resource/W22084_0973" ,
 "1012" , "http://purl.bdrc.io/resource/W22084_1012" ,
 "1070" , "http://purl.bdrc.io/resource/W22084_1070" ,
 "952" , "http://purl.bdrc.io/resource/W22084_0952" ,
 "867" , "http://purl.bdrc.io/resource/W22084_0867" ,
 "931" , "http://purl.bdrc.io/resource/W22084_0931" ,
 "846" , "http://purl.bdrc.io/resource/W22084_0846" ,
 "883" , "http://purl.bdrc.io/resource/W22084_0883" ,
 "1029" , "http://purl.bdrc.io/resource/W22084_1029" ,
 "969" , "http://purl.bdrc.io/resource/W22084_0969" ,
 "1008" , "http://purl.bdrc.io/resource/W22084_1008" ,
 "1066" , "http://purl.bdrc.io/resource/W22084_1066" ,
 "948" , "http://purl.bdrc.io/resource/W22084_0948" ,
 "1045" , "http://purl.bdrc.io/resource/W22084_1045" ,
 "927" , "http://purl.bdrc.io/resource/W22084_0927" ,
 "985" , "http://purl.bdrc.io/resource/W22084_0985" ,
 "1024" , "http://purl.bdrc.io/resource/W22084_1024" ,
 "906" , "http://purl.bdrc.io/resource/W22084_0906" ,
 "1082" , "http://purl.bdrc.io/resource/W22084_1082" ,
 "964" , "http://purl.bdrc.io/resource/W22084_0964" ,
 "879" , "http://purl.bdrc.io/resource/W22084_0879" ,
 "1061" , "http://purl.bdrc.io/resource/W22084_1061" ,
 "943" , "http://purl.bdrc.io/resource/W22084_0943" ,
 "858" , "http://purl.bdrc.io/resource/W22084_0858" ,
 "922" , "http://purl.bdrc.io/resource/W22084_0922" ,
 "895" , "http://purl.bdrc.io/resource/W22084_0895" ,
 "853" , "http://purl.bdrc.io/resource/W22084_0853" ,
 "1078" , "http://purl.bdrc.io/resource/W22084_1078" ,
 "1057" , "http://purl.bdrc.io/resource/W22084_1057" ,
 "1036" , "http://purl.bdrc.io/resource/W22084_1036" ,
 "1058a" , "http://purl.bdrc.io/resource/W22084_1058A" ,
 "1094" , "http://purl.bdrc.io/resource/W22084_1094" ,
 "1073" , "http://purl.bdrc.io/resource/W22084_1073" ,
 "1052" , "http://purl.bdrc.io/resource/W22084_1052" ,
 "849" , "http://purl.bdrc.io/resource/W22084_0849" ,
 "1031" , "http://purl.bdrc.io/resource/W22084_1031" ,
 "971" , "http://purl.bdrc.io/resource/W22084_0971" ,
 "1010" , "http://purl.bdrc.io/resource/W22084_1010" ,
 "950" , "http://purl.bdrc.io/resource/W22084_0950" ,
 "881" , "http://purl.bdrc.io/resource/W22084_0881" ,
 "860" , "http://purl.bdrc.io/resource/W22084_0860" ,
 "1069" , "http://purl.bdrc.io/resource/W22084_1069" ,
 "1048" , "http://purl.bdrc.io/resource/W22084_1048" ,
 "988" , "http://purl.bdrc.io/resource/W22084_0988" ,
 "1027" , "http://purl.bdrc.io/resource/W22084_1027" ,
 "1085" , "http://purl.bdrc.io/resource/W22084_1085" ,
 "1006" , "http://purl.bdrc.io/resource/W22084_1006" ,
 "1064" , "http://purl.bdrc.io/resource/W22084_1064" ,
 "1043" , "http://purl.bdrc.io/resource/W22084_1043" ,
 "925" , "http://purl.bdrc.io/resource/W22084_0925" ,
 "983" , "http://purl.bdrc.io/resource/W22084_0983" ,
 "1022" , "http://purl.bdrc.io/resource/W22084_1022" ,
 "898" , "http://purl.bdrc.io/resource/W22084_0898" ,
 "1080" , "http://purl.bdrc.io/resource/W22084_1080" ,
 "962" , "http://purl.bdrc.io/resource/W22084_0962" ,
 "846a" , "http://purl.bdrc.io/resource/W22084_0846A" ,
 "920" , "http://purl.bdrc.io/resource/W22084_0920" ,
 "893" , "http://purl.bdrc.io/resource/W22084_0893" ,
 "872" , "http://purl.bdrc.io/resource/W22084_0872" ,
 "851" , "http://purl.bdrc.io/resource/W22084_0851" ,
 "1039" , "http://purl.bdrc.io/resource/W22084_1039" ,
 "1103" , "http://purl.bdrc.io/resource/W22084_1103" ,
 "979" , "http://purl.bdrc.io/resource/W22084_0979" ,
 "1018" , "http://purl.bdrc.io/resource/W22084_1018" ,
 "1076" , "http://purl.bdrc.io/resource/W22084_1076" ,
 "958" , "http://purl.bdrc.io/resource/W22084_0958" ,
 "937" , "http://purl.bdrc.io/resource/W22084_0937" ,
 "1092" , "http://purl.bdrc.io/resource/W22084_1092" ,
 "974" , "http://purl.bdrc.io/resource/W22084_0974" ,
 "1013" , "http://purl.bdrc.io/resource/W22084_1013" ,
 "889" , "http://purl.bdrc.io/resource/W22084_0889" ,
 "868" , "http://purl.bdrc.io/resource/W22084_0868" ,
 "1050" , "http://purl.bdrc.io/resource/W22084_1050" ,
 "990" , "http://purl.bdrc.io/resource/W22084_0990" ,
 "911" , "http://purl.bdrc.io/resource/W22084_0911" ,
 "884" , "http://purl.bdrc.io/resource/W22084_0884" ,
 "863" , "http://purl.bdrc.io/resource/W22084_0863" ,
 "1088" , "http://purl.bdrc.io/resource/W22084_1088" ,
 "1009" , "http://purl.bdrc.io/resource/W22084_1009" ,
 "1067" , "http://purl.bdrc.io/resource/W22084_1067" ,
 "949" , "http://purl.bdrc.io/resource/W22084_0949" ,
 "1046" , "http://purl.bdrc.io/resource/W22084_1046" ,
 "928" , "http://purl.bdrc.io/resource/W22084_0928" ,
 "986" , "http://purl.bdrc.io/resource/W22084_0986" ,
 "859" , "http://purl.bdrc.io/resource/W22084_0859" ,
 "1041" , "http://purl.bdrc.io/resource/W22084_1041" ,
 "923" , "http://purl.bdrc.io/resource/W22084_0923" ,
 "981" , "http://purl.bdrc.io/resource/W22084_0981" ,
 "896" , "http://purl.bdrc.io/resource/W22084_0896" ,
 "960" , "http://purl.bdrc.io/resource/W22084_0960" ,
 "875" , "http://purl.bdrc.io/resource/W22084_0875" ,
 "891" , "http://purl.bdrc.io/resource/W22084_0891" ,
 "870" , "http://purl.bdrc.io/resource/W22084_0870" ,
 "1079" , "http://purl.bdrc.io/resource/W22084_1079" ,
 "1058" , "http://purl.bdrc.io/resource/W22084_1058" ,
 "1037" , "http://purl.bdrc.io/resource/W22084_1037" ,
 "919" , "http://purl.bdrc.io/resource/W22084_0919" ,
 "1101" , "http://purl.bdrc.io/resource/W22084_1101" ,
 "1095" , "http://purl.bdrc.io/resource/W22084_1095" ,
 "977" , "http://purl.bdrc.io/resource/W22084_0977" ,
 "1016" , "http://purl.bdrc.io/resource/W22084_1016" ,
 "1074" , "http://purl.bdrc.io/resource/W22084_1074" ,
 "956" , "http://purl.bdrc.io/resource/W22084_0956" ,
 "935" , "http://purl.bdrc.io/resource/W22084_0935" ,
 "993" , "http://purl.bdrc.io/resource/W22084_0993" ,
 "1032" , "http://purl.bdrc.io/resource/W22084_1032" ,
 "914" , "http://purl.bdrc.io/resource/W22084_0914" ,
 "1090" , "http://purl.bdrc.io/resource/W22084_1090" ,
 "1011" , "http://purl.bdrc.io/resource/W22084_1011" ,
 "951" , "http://purl.bdrc.io/resource/W22084_0951" ,
 "866" , "http://purl.bdrc.io/resource/W22084_0866" ,
 "882" , "http://purl.bdrc.io/resource/W22084_0882" ,
 "861" , "http://purl.bdrc.io/resource/W22084_0861" ,
 "1049" , "http://purl.bdrc.io/resource/W22084_1049" ,
 "989" , "http://purl.bdrc.io/resource/W22084_0989" ,
 "1028" , "http://purl.bdrc.io/resource/W22084_1028" ,
 "1086" , "http://purl.bdrc.io/resource/W22084_1086" ,
 "968" , "http://purl.bdrc.io/resource/W22084_0968" ,
 "1007" , "http://purl.bdrc.io/resource/W22084_1007" ,
 "1065" , "http://purl.bdrc.io/resource/W22084_1065" ,
 "947" , "http://purl.bdrc.io/resource/W22084_0947" ,
 "926" , "http://purl.bdrc.io/resource/W22084_0926" ,
 "1023" , "http://purl.bdrc.io/resource/W22084_1023" ,
 "899" , "http://purl.bdrc.io/resource/W22084_0899" ,
 "942" , "http://purl.bdrc.io/resource/W22084_0942" ,
 "857" , "http://purl.bdrc.io/resource/W22084_0857" ,
 "900" , "http://purl.bdrc.io/resource/W22084_0900" ,
 "873" , "http://purl.bdrc.io/resource/W22084_0873" ,
 "852" , "http://purl.bdrc.io/resource/W22084_0852" ,
 "1098" , "http://purl.bdrc.io/resource/W22084_1098" ,
 "1077" , "http://purl.bdrc.io/resource/W22084_1077" ,
 "1056" , "http://purl.bdrc.io/resource/W22084_1056" ,
 "938" , "http://purl.bdrc.io/resource/W22084_0938" ,
 "1035" , "http://purl.bdrc.io/resource/W22084_1035" ,
 "1093" , "http://purl.bdrc.io/resource/W22084_1093" ,
 "1072" , "http://purl.bdrc.io/resource/W22084_1072" ,
 "869" , "http://purl.bdrc.io/resource/W22084_0869" ,
 "1051" , "http://purl.bdrc.io/resource/W22084_1051" ,
 "912" , "http://purl.bdrc.io/resource/W22084_0912" ,
 "885" , "http://purl.bdrc.io/resource/W22084_0885" ,
 "864" , "http://purl.bdrc.io/resource/W22084_0864" ,
 "880" , "http://purl.bdrc.io/resource/W22084_0880" ,
 "1089" , "http://purl.bdrc.io/resource/W22084_1089" ,
 "876" , "http://purl.bdrc.io/resource/W22084_0876" ,
 "1021" , "http://purl.bdrc.io/resource/W22084_1021" ,
 "982" , "http://purl.bdrc.io/resource/W22084_0982" ,
 "929" , "http://purl.bdrc.io/resource/W22084_0929" ,
 "1042" , "http://purl.bdrc.io/resource/W22084_1042" ,
 "1084" , "http://purl.bdrc.io/resource/W22084_1084" ,
 "903" , "http://purl.bdrc.io/resource/W22084_0903" ,
 "908" , "http://purl.bdrc.io/resource/W22084_0908" ,
 "1005" , "http://purl.bdrc.io/resource/W22084_1005" ,
 "924" , "http://purl.bdrc.io/resource/W22084_0924" ,
 "945" , "http://purl.bdrc.io/resource/W22084_0945" ,
 "1068" , "http://purl.bdrc.io/resource/W22084_1068" ,
 "897" , "http://purl.bdrc.io/resource/W22084_0897" ,
 "1000" , "http://purl.bdrc.io/resource/W22084_1000" ,
 "1063" , "http://purl.bdrc.io/resource/W22084_1063" ,
 "966" , "http://purl.bdrc.io/resource/W22084_0966" ,
 "1026" , "http://purl.bdrc.io/resource/W22084_1026" ,
 "602" , "http://purl.bdrc.io/resource/W22084_0602" ,
 "484" , "http://purl.bdrc.io/resource/W22084_0484" ,
 "753" , "http://purl.bdrc.io/resource/W22084_0753" ,
 "764" , "http://purl.bdrc.io/resource/W22084_0764" ,
 "653" , "http://purl.bdrc.io/resource/W22084_0653" ,
 "783" , "http://purl.bdrc.io/resource/W22084_0783" ,
 "736" , "http://purl.bdrc.io/resource/W22084_0736" ,
 "799" , "http://purl.bdrc.io/resource/W22084_0799" ,
 "688" , "http://purl.bdrc.io/resource/W22084_0688" ,
 "689" , "http://purl.bdrc.io/resource/W22084_0689" ,
 "475" , "http://purl.bdrc.io/resource/W22084_0475" ,
 "473" , "http://purl.bdrc.io/resource/W22084_0473" ,
 "496" , "http://purl.bdrc.io/resource/W22084_0496" ,
 "810" , "http://purl.bdrc.io/resource/W22084_0810" ,
 "384" , "http://purl.bdrc.io/resource/W22084_0384" ,
 "771" , "http://purl.bdrc.io/resource/W22084_0771" ,
 "637" , "http://purl.bdrc.io/resource/W22084_0637" ,
 "682" , "http://purl.bdrc.io/resource/W22084_0682" ,
 "476" , "http://purl.bdrc.io/resource/W22084_0476" ,
 "578" , "http://purl.bdrc.io/resource/W22084_0578" ,
 "471" , "http://purl.bdrc.io/resource/W22084_0471" ,
 "611" , "http://purl.bdrc.io/resource/W22084_0611" ,
 "814" , "http://purl.bdrc.io/resource/W22084_0814" ,
 "761" , "http://purl.bdrc.io/resource/W22084_0761" ,
 "514" , "http://purl.bdrc.io/resource/W22084_0514" ,
 "794" , "http://purl.bdrc.io/resource/W22084_0794" ,
 "468" , "http://purl.bdrc.io/resource/W22084_0468" ,
 "479" , "http://purl.bdrc.io/resource/W22084_0479" ,
 "441" , "http://purl.bdrc.io/resource/W22084_0441" ,
 "393" , "http://purl.bdrc.io/resource/W22084_0393" ,
 "394" , "http://purl.bdrc.io/resource/W22084_0394" ,
 "710" , "http://purl.bdrc.io/resource/W22084_0710" ,
 "626" , "http://purl.bdrc.io/resource/W22084_0626" ,
 "585" , "http://purl.bdrc.io/resource/W22084_0585" ,
 "670" , "http://purl.bdrc.io/resource/W22084_0670" ,
 "756" , "http://purl.bdrc.io/resource/W22084_0756" ,
 "386" , "http://purl.bdrc.io/resource/W22084_0386" ,
 "618" , "http://purl.bdrc.io/resource/W22084_0618" ,
 "751" , "http://purl.bdrc.io/resource/W22084_0751" ,
 "660" , "http://purl.bdrc.io/resource/W22084_0660" ,
 "523" , "http://purl.bdrc.io/resource/W22084_0523" ,
 "573" , "http://purl.bdrc.io/resource/W22084_0573" ,
 "686" , "http://purl.bdrc.io/resource/W22084_0686" ,
 "463" , "http://purl.bdrc.io/resource/W22084_0463" ,
 "597" , "http://purl.bdrc.io/resource/W22084_0597" ,
 "576" , "http://purl.bdrc.io/resource/W22084_0576" ,
 "729" , "http://purl.bdrc.io/resource/W22084_0729" ,
 "425" , "http://purl.bdrc.io/resource/W22084_0425" ,
 "363" , "http://purl.bdrc.io/resource/W22084_0363" ,
 "360" , "http://purl.bdrc.io/resource/W22084_0360" ,
 "775" , "http://purl.bdrc.io/resource/W22084_0775" ,
 "548" , "http://purl.bdrc.io/resource/W22084_0548" ,
 "766" , "http://purl.bdrc.io/resource/W22084_0766" ,
 "621" , "http://purl.bdrc.io/resource/W22084_0621" ,
 "716" , "http://purl.bdrc.io/resource/W22084_0716" ,
 "615" , "http://purl.bdrc.io/resource/W22084_0615" ,
 "522" , "http://purl.bdrc.io/resource/W22084_0522" ,
 "431" , "http://purl.bdrc.io/resource/W22084_0431" ,
 "701" , "http://purl.bdrc.io/resource/W22084_0701" ,
 "462" , "http://purl.bdrc.io/resource/W22084_0462" ,
 "374" , "http://purl.bdrc.io/resource/W22084_0374" ,
 "651" , "http://purl.bdrc.io/resource/W22084_0651" ,
 "497" , "http://purl.bdrc.io/resource/W22084_0497" ,
 "728" , "http://purl.bdrc.io/resource/W22084_0728" ,
 "456" , "http://purl.bdrc.io/resource/W22084_0456" ,
 "629" , "http://purl.bdrc.io/resource/W22084_0629" ,
 "648" , "http://purl.bdrc.io/resource/W22084_0648" ,
 "690" , "http://purl.bdrc.io/resource/W22084_0690" ,
 "388" , "http://purl.bdrc.io/resource/W22084_0388" ,
 "588" , "http://purl.bdrc.io/resource/W22084_0588" ,
 "526" , "http://purl.bdrc.io/resource/W22084_0526" ,
 "634" , "http://purl.bdrc.io/resource/W22084_0634" ,
 "825" , "http://purl.bdrc.io/resource/W22084_0825" ,
 "772" , "http://purl.bdrc.io/resource/W22084_0772" ,
 "685" , "http://purl.bdrc.io/resource/W22084_0685" ,
 "553" , "http://purl.bdrc.io/resource/W22084_0553" ,
 "622" , "http://purl.bdrc.io/resource/W22084_0622" ,
 "449" , "http://purl.bdrc.io/resource/W22084_0449" ,
 "469" , "http://purl.bdrc.io/resource/W22084_0469" ,
 "467" , "http://purl.bdrc.io/resource/W22084_0467" ,
 "603" , "http://purl.bdrc.io/resource/W22084_0603" ,
 "499" , "http://purl.bdrc.io/resource/W22084_0499" ,
 "417" , "http://purl.bdrc.io/resource/W22084_0417" ,
 "577" , "http://purl.bdrc.io/resource/W22084_0577" ,
 "483" , "http://purl.bdrc.io/resource/W22084_0483" ,
 "713" , "http://purl.bdrc.io/resource/W22084_0713" ,
 "732" , "http://purl.bdrc.io/resource/W22084_0732" ,
 "516" , "http://purl.bdrc.io/resource/W22084_0516" ,
 "402" , "http://purl.bdrc.io/resource/W22084_0402" ,
 "422" , "http://purl.bdrc.io/resource/W22084_0422" ,
 "822" , "http://purl.bdrc.io/resource/W22084_0822" ,
 "466" , "http://purl.bdrc.io/resource/W22084_0466" ,
 "666" , "http://purl.bdrc.io/resource/W22084_0666" ,
 "470" , "http://purl.bdrc.io/resource/W22084_0470" ,
 "725" , "http://purl.bdrc.io/resource/W22084_0725" ,
 "643" , "http://purl.bdrc.io/resource/W22084_0643" ,
 "616" , "http://purl.bdrc.io/resource/W22084_0616" ,
 "638" , "http://purl.bdrc.io/resource/W22084_0638" ,
 "413" , "http://purl.bdrc.io/resource/W22084_0413" ,
 "458" , "http://purl.bdrc.io/resource/W22084_0458" ,
 "478" , "http://purl.bdrc.io/resource/W22084_0478" ,
 "485" , "http://purl.bdrc.io/resource/W22084_0485" ,
 "575" , "http://purl.bdrc.io/resource/W22084_0575" ,
 "372" , "http://purl.bdrc.io/resource/W22084_0372" ,
 "445" , "http://purl.bdrc.io/resource/W22084_0445" ,
 "443" , "http://purl.bdrc.io/resource/W22084_0443" ,
 "797" , "http://purl.bdrc.io/resource/W22084_0797" ,
 "498" , "http://purl.bdrc.io/resource/W22084_0498" ,
 "697" , "http://purl.bdrc.io/resource/W22084_0697" ,
 "385" , "http://purl.bdrc.io/resource/W22084_0385" ,
 "824" , "http://purl.bdrc.io/resource/W22084_0824" ,
 "827" , "http://purl.bdrc.io/resource/W22084_0827" ,
 "752" , "http://purl.bdrc.io/resource/W22084_0752" ,
 "554" , "http://purl.bdrc.io/resource/W22084_0554" ,
 "395" , "http://purl.bdrc.io/resource/W22084_0395" ,
 "624" , "http://purl.bdrc.io/resource/W22084_0624" ,
 "760" , "http://purl.bdrc.io/resource/W22084_0760" ,
 "583" , "http://purl.bdrc.io/resource/W22084_0583" ,
 "432" , "http://purl.bdrc.io/resource/W22084_0432" ,
 "823" , "http://purl.bdrc.io/resource/W22084_0823" ,
 "819" , "http://purl.bdrc.io/resource/W22084_0819" ,
 "654" , "http://purl.bdrc.io/resource/W22084_0654" ,
 "515" , "http://purl.bdrc.io/resource/W22084_0515" ,
 "558" , "http://purl.bdrc.io/resource/W22084_0558" ,
 "555" , "http://purl.bdrc.io/resource/W22084_0555" ,
 "419" , "http://purl.bdrc.io/resource/W22084_0419" ,
 "770" , "http://purl.bdrc.io/resource/W22084_0770" ,
 "623" , "http://purl.bdrc.io/resource/W22084_0623" ,
 "531" , "http://purl.bdrc.io/resource/W22084_0531" ,
 "488" , "http://purl.bdrc.io/resource/W22084_0488" ,
 "699" , "http://purl.bdrc.io/resource/W22084_0699" ,
 "387" , "http://purl.bdrc.io/resource/W22084_0387" ,
 "696" , "http://purl.bdrc.io/resource/W22084_0696" ,
 "614" , "http://purl.bdrc.io/resource/W22084_0614" ,
 "744" , "http://purl.bdrc.io/resource/W22084_0744" ,
 "529" , "http://purl.bdrc.io/resource/W22084_0529" ,
 "439" , "http://purl.bdrc.io/resource/W22084_0439" ,
 "661" , "http://purl.bdrc.io/resource/W22084_0661" ,
 "792" , "http://purl.bdrc.io/resource/W22084_0792" ,
 "570" , "http://purl.bdrc.io/resource/W22084_0570" ,
 "520" , "http://purl.bdrc.io/resource/W22084_0520" ,
 "568" , "http://purl.bdrc.io/resource/W22084_0568" ,
 "787" , "http://purl.bdrc.io/resource/W22084_0787" ,
 "567" , "http://purl.bdrc.io/resource/W22084_0567" ,
 "735" , "http://purl.bdrc.io/resource/W22084_0735" ,
 "370" , "http://purl.bdrc.io/resource/W22084_0370" ,
 "730" , "http://purl.bdrc.io/resource/W22084_0730" ,
 "428" , "http://purl.bdrc.io/resource/W22084_0428" ,
 "513" , "http://purl.bdrc.io/resource/W22084_0513" ,
 "806" , "http://purl.bdrc.io/resource/W22084_0806" ,
 "821" , "http://purl.bdrc.io/resource/W22084_0821" ,
 "410" , "http://purl.bdrc.io/resource/W22084_0410" ,
 "411" , "http://purl.bdrc.io/resource/W22084_0411" ,
 "489" , "http://purl.bdrc.io/resource/W22084_0489" ,
 "645" , "http://purl.bdrc.io/resource/W22084_0645" ,
 "655" , "http://purl.bdrc.io/resource/W22084_0655" ,
 "631" , "http://purl.bdrc.io/resource/W22084_0631" ,
 "749" , "http://purl.bdrc.io/resource/W22084_0749" ,
 "460a" , "http://purl.bdrc.io/resource/W22084_0460A" ,
 "813" , "http://purl.bdrc.io/resource/W22084_0813" ,
 "786" , "http://purl.bdrc.io/resource/W22084_0786" ,
 "707" , "http://purl.bdrc.io/resource/W22084_0707" ,
 "765" , "http://purl.bdrc.io/resource/W22084_0765" ,
 "659" , "http://purl.bdrc.io/resource/W22084_0659" ,
 "723" , "http://purl.bdrc.io/resource/W22084_0723" ,
 "781" , "http://purl.bdrc.io/resource/W22084_0781" ,
 "702" , "http://purl.bdrc.io/resource/W22084_0702" ,
 "617" , "http://purl.bdrc.io/resource/W22084_0617" ,
 "675" , "http://purl.bdrc.io/resource/W22084_0675" ,
 "569" , "http://purl.bdrc.io/resource/W22084_0569" ,
 "633" , "http://purl.bdrc.io/resource/W22084_0633" ,
 "691" , "http://purl.bdrc.io/resource/W22084_0691" ,
 "612" , "http://purl.bdrc.io/resource/W22084_0612" ,
 "527" , "http://purl.bdrc.io/resource/W22084_0527" ,
 "506" , "http://purl.bdrc.io/resource/W22084_0506" ,
 "564" , "http://purl.bdrc.io/resource/W22084_0564" ,
 "543" , "http://purl.bdrc.io/resource/W22084_0543" ,
 "437" , "http://purl.bdrc.io/resource/W22084_0437" ,
 "580" , "http://purl.bdrc.io/resource/W22084_0580" ,
 "501" , "http://purl.bdrc.io/resource/W22084_0501" ,
 "495" , "http://purl.bdrc.io/resource/W22084_0495" ,
 "416" , "http://purl.bdrc.io/resource/W22084_0416" ,
 "474" , "http://purl.bdrc.io/resource/W22084_0474" ,
 "389" , "http://purl.bdrc.io/resource/W22084_0389" ,
 "453" , "http://purl.bdrc.io/resource/W22084_0453" ,
 "368" , "http://purl.bdrc.io/resource/W22084_0368" ,
 "490" , "http://purl.bdrc.io/resource/W22084_0490" ,
 "809" , "http://purl.bdrc.io/resource/W22084_0809" ,
 "804" , "http://purl.bdrc.io/resource/W22084_0804" ,
 "798" , "http://purl.bdrc.io/resource/W22084_0798" ,
 "719" , "http://purl.bdrc.io/resource/W22084_0719" ,
 "777" , "http://purl.bdrc.io/resource/W22084_0777" ,
 "820" , "http://purl.bdrc.io/resource/W22084_0820" ,
 "793" , "http://purl.bdrc.io/resource/W22084_0793" ,
 "714" , "http://purl.bdrc.io/resource/W22084_0714" ,
 "687" , "http://purl.bdrc.io/resource/W22084_0687" ,
 "608" , "http://purl.bdrc.io/resource/W22084_0608" ,
 "539" , "http://purl.bdrc.io/resource/W22084_0539" ,
 "649" , "http://purl.bdrc.io/resource/W22084_0649" ,
 "606" , "http://purl.bdrc.io/resource/W22084_0606" ,
 "625" , "http://purl.bdrc.io/resource/W22084_0625" ,
 "549" , "http://purl.bdrc.io/resource/W22084_0549" ,
 "785" , "http://purl.bdrc.io/resource/W22084_0785" ,
 "672" , "http://purl.bdrc.io/resource/W22084_0672" ,
 "521" , "http://purl.bdrc.io/resource/W22084_0521" ,
 "534" , "http://purl.bdrc.io/resource/W22084_0534" ,
 "362" , "http://purl.bdrc.io/resource/W22084_0362" ,
 "451" , "http://purl.bdrc.io/resource/W22084_0451" ,
 "590" , "http://purl.bdrc.io/resource/W22084_0590" ,
 "378" , "http://purl.bdrc.io/resource/W22084_0378" ,
 "502" , "http://purl.bdrc.io/resource/W22084_0502" ,
 "613" , "http://purl.bdrc.io/resource/W22084_0613" ,
 "537" , "http://purl.bdrc.io/resource/W22084_0537" ,
 "773" , "http://purl.bdrc.io/resource/W22084_0773" ,
 "684" , "http://purl.bdrc.io/resource/W22084_0684" ,
 "739" , "http://purl.bdrc.io/resource/W22084_0739" ,
 "418" , "http://purl.bdrc.io/resource/W22084_0418" ,
 "420" , "http://purl.bdrc.io/resource/W22084_0420" ,
 "438" , "http://purl.bdrc.io/resource/W22084_0438" ,
 "769" , "http://purl.bdrc.io/resource/W22084_0769" ,
 "457" , "http://purl.bdrc.io/resource/W22084_0457" ,
 "801" , "http://purl.bdrc.io/resource/W22084_0801" ,
 "414" , "http://purl.bdrc.io/resource/W22084_0414" ,
 "790" , "http://purl.bdrc.io/resource/W22084_0790" ,
 "505" , "http://purl.bdrc.io/resource/W22084_0505" ,
 "789" , "http://purl.bdrc.io/resource/W22084_0789" ,
 "601" , "http://purl.bdrc.io/resource/W22084_0601" ,
 "525" , "http://purl.bdrc.io/resource/W22084_0525" ,
 "544" , "http://purl.bdrc.io/resource/W22084_0544" ,
 "455" , "http://purl.bdrc.io/resource/W22084_0455" ,
 "406" , "http://purl.bdrc.io/resource/W22084_0406" ,
 "510" , "http://purl.bdrc.io/resource/W22084_0510" ,
 "508" , "http://purl.bdrc.io/resource/W22084_0508" ,
 "705" , "http://purl.bdrc.io/resource/W22084_0705" ,
 "426" , "http://purl.bdrc.io/resource/W22084_0426" ,
 "619" , "http://purl.bdrc.io/resource/W22084_0619" ,
 "757" , "http://purl.bdrc.io/resource/W22084_0757" ,
 "392" , "http://purl.bdrc.io/resource/W22084_0392" ,
 "517" , "http://purl.bdrc.io/resource/W22084_0517" ,
 "796" , "http://purl.bdrc.io/resource/W22084_0796" ,
 "694" , "http://purl.bdrc.io/resource/W22084_0694" ,
 "556" , "http://purl.bdrc.io/resource/W22084_0556" ,
 "807" , "http://purl.bdrc.io/resource/W22084_0807" ,
 "532" , "http://purl.bdrc.io/resource/W22084_0532" ,
 "448" , "http://purl.bdrc.io/resource/W22084_0448" ,
 "607" , "http://purl.bdrc.io/resource/W22084_0607" ,
 "745" , "http://purl.bdrc.io/resource/W22084_0745" ,
 "380" , "http://purl.bdrc.io/resource/W22084_0380" ,
 "433" , "http://purl.bdrc.io/resource/W22084_0433" ,
 "518" , "http://purl.bdrc.io/resource/W22084_0518" ,
 "721" , "http://purl.bdrc.io/resource/W22084_0721" ,
 "595" , "http://purl.bdrc.io/resource/W22084_0595" ,
 "571" , "http://purl.bdrc.io/resource/W22084_0571" ,
 "605" , "http://purl.bdrc.io/resource/W22084_0605" ,
 "480" , "http://purl.bdrc.io/resource/W22084_0480" ,
 "784" , "http://purl.bdrc.io/resource/W22084_0784" ,
 "695" , "http://purl.bdrc.io/resource/W22084_0695" ,
 "741" , "http://purl.bdrc.io/resource/W22084_0741" ,
 "671" , "http://purl.bdrc.io/resource/W22084_0671" ,
 "591" , "http://purl.bdrc.io/resource/W22084_0591" ,
 "676" , "http://purl.bdrc.io/resource/W22084_0676" ,
 "436" , "http://purl.bdrc.io/resource/W22084_0436" ,
 "412" , "http://purl.bdrc.io/resource/W22084_0412" ,
 "782" , "http://purl.bdrc.io/resource/W22084_0782" ,
 "733" , "http://purl.bdrc.io/resource/W22084_0733" ,
 "421" , "http://purl.bdrc.io/resource/W22084_0421" ,
 "587" , "http://purl.bdrc.io/resource/W22084_0587" ,
 "698" , "http://purl.bdrc.io/resource/W22084_0698" ,
 "763" , "http://purl.bdrc.io/resource/W22084_0763" ,
 "674" , "http://purl.bdrc.io/resource/W22084_0674" ,
 "536" , "http://purl.bdrc.io/resource/W22084_0536" ,
 "683" , "http://purl.bdrc.io/resource/W22084_0683" ,
 "718" , "http://purl.bdrc.io/resource/W22084_0718" ,
 "664" , "http://purl.bdrc.io/resource/W22084_0664" ,
 "424" , "http://purl.bdrc.io/resource/W22084_0424" ,
 "768" , "http://purl.bdrc.io/resource/W22084_0768" ,
 "528" , "http://purl.bdrc.io/resource/W22084_0528" ,
 "400" , "http://purl.bdrc.io/resource/W22084_0400" ,
 "599" , "http://purl.bdrc.io/resource/W22084_0599" ,
 "504" , "http://purl.bdrc.io/resource/W22084_0504" ,
 "788" , "http://purl.bdrc.io/resource/W22084_0788" ,
 "662" , "http://purl.bdrc.io/resource/W22084_0662" ,
 "805" , "http://purl.bdrc.io/resource/W22084_0805" ,
 "429" , "http://purl.bdrc.io/resource/W22084_0429" ,
 "524" , "http://purl.bdrc.io/resource/W22084_0524" ,
 "706" , "http://purl.bdrc.io/resource/W22084_0706" ,
 "405" , "http://purl.bdrc.io/resource/W22084_0405" ,
 "500" , "http://purl.bdrc.io/resource/W22084_0500" ,
 "459" , "http://purl.bdrc.io/resource/W22084_0459" ,
 "803" , "http://purl.bdrc.io/resource/W22084_0803" ,
 "652" , "http://purl.bdrc.io/resource/W22084_0652" ,
 "812" , "http://purl.bdrc.io/resource/W22084_0812" ,
 "704" , "http://purl.bdrc.io/resource/W22084_0704" ,
 "737" , "http://purl.bdrc.io/resource/W22084_0737" ,
 "401" , "http://purl.bdrc.io/resource/W22084_0401" ,
 "767" , "http://purl.bdrc.io/resource/W22084_0767" ,
 "563" , "http://purl.bdrc.io/resource/W22084_0563" ,
 "582" , "http://purl.bdrc.io/resource/W22084_0582" ,
 "491" , "http://purl.bdrc.io/resource/W22084_0491" ,
 "776" , "http://purl.bdrc.io/resource/W22084_0776" ,
 "817" , "http://purl.bdrc.io/resource/W22084_0817" ,
 "693" , "http://purl.bdrc.io/resource/W22084_0693" ,
 "408" , "http://purl.bdrc.io/resource/W22084_0408" ,
 "650" , "http://purl.bdrc.io/resource/W22084_0650" ,
 "512" , "http://purl.bdrc.io/resource/W22084_0512" ,
 "815" , "http://purl.bdrc.io/resource/W22084_0815" ,
 "668" , "http://purl.bdrc.io/resource/W22084_0668" ,
 "519" , "http://purl.bdrc.io/resource/W22084_0519" ,
 "759" , "http://purl.bdrc.io/resource/W22084_0759" ,
 "447" , "http://purl.bdrc.io/resource/W22084_0447" ,
 "404" , "http://purl.bdrc.io/resource/W22084_0404" ,
 "640" , "http://purl.bdrc.io/resource/W22084_0640" ,
 "800" , "http://purl.bdrc.io/resource/W22084_0800" ,
 "494" , "http://purl.bdrc.io/resource/W22084_0494" ,
 "779" , "http://purl.bdrc.io/resource/W22084_0779" ,
 "720" , "http://purl.bdrc.io/resource/W22084_0720" ,
 "594" , "http://purl.bdrc.io/resource/W22084_0594" ,
 "755" , "http://purl.bdrc.io/resource/W22084_0755" ,
 "551" , "http://purl.bdrc.io/resource/W22084_0551" ,
 "636" , "http://purl.bdrc.io/resource/W22084_0636" ,
 "818" , "http://purl.bdrc.io/resource/W22084_0818" ,
 "681" , "http://purl.bdrc.io/resource/W22084_0681" ,
 "740" , "http://purl.bdrc.io/resource/W22084_0740" ,
 "397" , "http://purl.bdrc.io/resource/W22084_0397" ,
 "486" , "http://purl.bdrc.io/resource/W22084_0486" ,
 "581" , "http://purl.bdrc.io/resource/W22084_0581" ,
 "656" , "http://purl.bdrc.io/resource/W22084_0656" ,
 "747" , "http://purl.bdrc.io/resource/W22084_0747" ,
 "435" , "http://purl.bdrc.io/resource/W22084_0435" ,
 "632" , "http://purl.bdrc.io/resource/W22084_0632" ,
 "391" , "http://purl.bdrc.io/resource/W22084_0391" ,
 "482" , "http://purl.bdrc.io/resource/W22084_0482" ,
 "586" , "http://purl.bdrc.io/resource/W22084_0586" ,
 "365" , "http://purl.bdrc.io/resource/W22084_0365" ,
 "743" , "http://purl.bdrc.io/resource/W22084_0743" ,
 "762" , "http://purl.bdrc.io/resource/W22084_0762" ,
 "673" , "http://purl.bdrc.io/resource/W22084_0673" ,
 "593" , "http://purl.bdrc.io/resource/W22084_0593" ,
 "717" , "http://purl.bdrc.io/resource/W22084_0717" ,
 "678" , "http://purl.bdrc.io/resource/W22084_0678" ,
 "361" , "http://purl.bdrc.io/resource/W22084_0361" ,
 "450" , "http://purl.bdrc.io/resource/W22084_0450" ,
 "644" , "http://purl.bdrc.io/resource/W22084_0644" ,
 "663" , "http://purl.bdrc.io/resource/W22084_0663" ,
 "748" , "http://purl.bdrc.io/resource/W22084_0748" ,
 "423" , "http://purl.bdrc.io/resource/W22084_0423" ,
 "620" , "http://purl.bdrc.io/resource/W22084_0620" ,
 "589" , "http://purl.bdrc.io/resource/W22084_0589" ,
 "711" , "http://purl.bdrc.io/resource/W22084_0711" ,
 "724" , "http://purl.bdrc.io/resource/W22084_0724" ,
 "598" , "http://purl.bdrc.io/resource/W22084_0598" ,
 "377" , "http://purl.bdrc.io/resource/W22084_0377" ,
 "561" , "http://purl.bdrc.io/resource/W22084_0561" ,
 "574" , "http://purl.bdrc.io/resource/W22084_0574" ,
 "774" , "http://purl.bdrc.io/resource/W22084_0774" ,
 "731" , "http://purl.bdrc.io/resource/W22084_0731" ,
 "750" , "http://purl.bdrc.io/resource/W22084_0750" ,
 "579" , "http://purl.bdrc.io/resource/W22084_0579" ,
 "373" , "http://purl.bdrc.io/resource/W22084_0373" ,
 "679" , "http://purl.bdrc.io/resource/W22084_0679" ,
 "727" , "http://purl.bdrc.io/resource/W22084_0727" ,
 "415" , "http://purl.bdrc.io/resource/W22084_0415" ,
 "811" , "http://purl.bdrc.io/resource/W22084_0811" ,
 "492" , "http://purl.bdrc.io/resource/W22084_0492" ,
 "712" , "http://purl.bdrc.io/resource/W22084_0712" ,
 "409" , "http://purl.bdrc.io/resource/W22084_0409" ,
 "369" , "http://purl.bdrc.io/resource/W22084_0369" ,
 "562" , "http://purl.bdrc.io/resource/W22084_0562" ,
 "628" , "http://purl.bdrc.io/resource/W22084_0628" ,
 "816" , "http://purl.bdrc.io/resource/W22084_0816" ,
 "708" , "http://purl.bdrc.io/resource/W22084_0708" ,
 "407" , "http://purl.bdrc.io/resource/W22084_0407" ,
 "600" , "http://purl.bdrc.io/resource/W22084_0600" ,
 "454" , "http://purl.bdrc.io/resource/W22084_0454" ,
 "509" , "http://purl.bdrc.io/resource/W22084_0509" ,
 "667" , "http://purl.bdrc.io/resource/W22084_0667" ,
 "427" , "http://purl.bdrc.io/resource/W22084_0427" ,
 "758" , "http://purl.bdrc.io/resource/W22084_0758" ,
 "630" , "http://purl.bdrc.io/resource/W22084_0630" ,
 "609" , "http://purl.bdrc.io/resource/W22084_0609" ,
 "715" , "http://purl.bdrc.io/resource/W22084_0715" ,
 "403" , "http://purl.bdrc.io/resource/W22084_0403" ,
 "493" , "http://purl.bdrc.io/resource/W22084_0493" ,
 "565" , "http://purl.bdrc.io/resource/W22084_0565" ,
 "700" , "http://purl.bdrc.io/resource/W22084_0700" ,
 "584" , "http://purl.bdrc.io/resource/W22084_0584" ,
 "778" , "http://purl.bdrc.io/resource/W22084_0778" ,
 "541" , "http://purl.bdrc.io/resource/W22084_0541" ,
 "754" , "http://purl.bdrc.io/resource/W22084_0754" ,
 "550" , "http://purl.bdrc.io/resource/W22084_0550" ,
 "808" , "http://purl.bdrc.io/resource/W22084_0808" ,
 "635" , "http://purl.bdrc.io/resource/W22084_0635" ,
 "709" , "http://purl.bdrc.io/resource/W22084_0709" ,
 "383" , "http://purl.bdrc.io/resource/W22084_0383" ,
 "396" , "http://purl.bdrc.io/resource/W22084_0396" ,
 "442" , "http://purl.bdrc.io/resource/W22084_0442" ,
 "642" , "http://purl.bdrc.io/resource/W22084_0642" ,
 "746" , "http://purl.bdrc.io/resource/W22084_0746" ,
 "703" , "http://purl.bdrc.io/resource/W22084_0703" ,
 "722" , "http://purl.bdrc.io/resource/W22084_0722" ,
 "390" , "http://purl.bdrc.io/resource/W22084_0390" ,
 "596" , "http://purl.bdrc.io/resource/W22084_0596" ,
 "481" , "http://purl.bdrc.io/resource/W22084_0481" ,
 "572" , "http://purl.bdrc.io/resource/W22084_0572" ,
 "364" , "http://purl.bdrc.io/resource/W22084_0364" ,
 "647" , "http://purl.bdrc.io/resource/W22084_0647" ,
 "742" , "http://purl.bdrc.io/resource/W22084_0742" ,
 "399" , "http://purl.bdrc.io/resource/W22084_0399" ,
 "604" , "http://purl.bdrc.io/resource/W22084_0604" ,
 "547" , "http://purl.bdrc.io/resource/W22084_0547" ,
 "592" , "http://purl.bdrc.io/resource/W22084_0592" ,
 "371" , "http://purl.bdrc.io/resource/W22084_0371" ,
 "658" , "http://purl.bdrc.io/resource/W22084_0658" ,
 "677" , "http://purl.bdrc.io/resource/W22084_0677" ,
 "430" , "http://purl.bdrc.io/resource/W22084_0430" ,
 "734" , "http://purl.bdrc.io/resource/W22084_0734" ,
 "675a" , "http://purl.bdrc.io/resource/W22084_0675A" ,
 "367" , "http://purl.bdrc.io/resource/W22084_0367" ,
 "376" , "http://purl.bdrc.io/resource/W22084_0376" ,
 "560" , "http://purl.bdrc.io/resource/W22084_0560" ,
 "639" , "http://purl.bdrc.io/resource/W22084_0639" ,
 "559" , "http://purl.bdrc.io/resource/W22084_0559" ,
 "535" , "http://purl.bdrc.io/resource/W22084_0535" ,
 "452" , "http://purl.bdrc.io/resource/W22084_0452" ,
 "646" , "http://purl.bdrc.io/resource/W22084_0646" ,
 "665" , "http://purl.bdrc.io/resource/W22084_0665" ,
 "461" , "http://purl.bdrc.io/resource/W22084_0461" ,
 "726" , "http://purl.bdrc.io/resource/W22084_0726" ,
 "472" , "http://purl.bdrc.io/resource/W22084_0472" ,
 "379" , "http://purl.bdrc.io/resource/W22084_0379" ,
 "503" , "http://purl.bdrc.io/resource/W22084_0503" ,
 "627" , "http://purl.bdrc.io/resource/W22084_0627" ,
 "375" , "http://purl.bdrc.io/resource/W22084_0375" ,
 "566" , "http://purl.bdrc.io/resource/W22084_0566" ,
 "464" , "http://purl.bdrc.io/resource/W22084_0464" ,
 "477" , "http://purl.bdrc.io/resource/W22084_0477" ,
 "542" , "http://purl.bdrc.io/resource/W22084_0542" ,
 "440" , "http://purl.bdrc.io/resource/W22084_0440" ,
 "826" , "http://purl.bdrc.io/resource/W22084_0826" ,
 "738" , "http://purl.bdrc.io/resource/W22084_0738" ,
 "610" , "http://purl.bdrc.io/resource/W22084_0610" ,
 "802" , "http://purl.bdrc.io/resource/W22084_0802" ,
 "460" , "http://purl.bdrc.io/resource/W22084_0460" ,
 "791" , "http://purl.bdrc.io/resource/W22084_0791" ,
 "505a" , "http://purl.bdrc.io/resource/W22084_0505A" ,
 "540" , "http://purl.bdrc.io/resource/W22084_0540" ,
 "545" , "http://purl.bdrc.io/resource/W22084_0545" ,
 "692" , "http://purl.bdrc.io/resource/W22084_0692" ,
 "669" , "http://purl.bdrc.io/resource/W22084_0669" ,
 "382" , "http://purl.bdrc.io/resource/W22084_0382" ,
 "465" , "http://purl.bdrc.io/resource/W22084_0465" ,
 "511" , "http://purl.bdrc.io/resource/W22084_0511" ,
 "530" , "http://purl.bdrc.io/resource/W22084_0530" ,
 "641" , "http://purl.bdrc.io/resource/W22084_0641" ,
 "446" , "http://purl.bdrc.io/resource/W22084_0446" ,
 "507" , "http://purl.bdrc.io/resource/W22084_0507" ,
 "552" , "http://purl.bdrc.io/resource/W22084_0552" ,
 "557" , "http://purl.bdrc.io/resource/W22084_0557" ,
 "398" , "http://purl.bdrc.io/resource/W22084_0398" ,
 "487" , "http://purl.bdrc.io/resource/W22084_0487" ,
 "546" , "http://purl.bdrc.io/resource/W22084_0546" ,
 "533" , "http://purl.bdrc.io/resource/W22084_0533" ,
 "444" , "http://purl.bdrc.io/resource/W22084_0444" ,
 "680" , "http://purl.bdrc.io/resource/W22084_0680" ,
 "657" , "http://purl.bdrc.io/resource/W22084_0657" ,
 "795" , "http://purl.bdrc.io/resource/W22084_0795" ,
 "381" , "http://purl.bdrc.io/resource/W22084_0381" ,
 "434" , "http://purl.bdrc.io/resource/W22084_0434" ,
 "538" , "http://purl.bdrc.io/resource/W22084_0538" ,
 "366" , "http://purl.bdrc.io/resource/W22084_0366" ,
 "780" , "http://purl.bdrc.io/resource/W22084_0780" ,
 "841" , "http://purl.bdrc.io/resource/W22084_0841" ,
 "842a" , "http://purl.bdrc.io/resource/W22084_0842A" ,
 "834" , "http://purl.bdrc.io/resource/W22084_0834" ,
 "835" , "http://purl.bdrc.io/resource/W22084_0835" ,
 "839" , "http://purl.bdrc.io/resource/W22084_0839" ,
 "838" , "http://purl.bdrc.io/resource/W22084_0838" ,
 "837" , "http://purl.bdrc.io/resource/W22084_0837" ,
 "832" , "http://purl.bdrc.io/resource/W22084_0832" ,
 "828" , "http://purl.bdrc.io/resource/W22084_0828" ,
 "844" , "http://purl.bdrc.io/resource/W22084_0844" ,
 "830" , "http://purl.bdrc.io/resource/W22084_0830" ,
 "842" , "http://purl.bdrc.io/resource/W22084_0842" ,
 "840" , "http://purl.bdrc.io/resource/W22084_0840" ,
 "829" , "http://purl.bdrc.io/resource/W22084_0829" ,
 "841a" , "http://purl.bdrc.io/resource/W22084_0841A" ,
 "836" , "http://purl.bdrc.io/resource/W22084_0836" ,
 "833" , "http://purl.bdrc.io/resource/W22084_0833" ,
 "843" , "http://purl.bdrc.io/resource/W22084_0843" ,
 "831" , "http://purl.bdrc.io/resource/W22084_0831" ,
 "78" , "http://purl.bdrc.io/resource/W22084_0078" ,
 "81" , "http://purl.bdrc.io/resource/W22084_0081" ,
 "57" , "http://purl.bdrc.io/resource/W22084_0057" ,
 "71" , "http://purl.bdrc.io/resource/W22084_0071" ,
 "52" , "http://purl.bdrc.io/resource/W22084_0052" ,
 "46" , "http://purl.bdrc.io/resource/W22084_0046" ,
 "72" , "http://purl.bdrc.io/resource/W22084_0072" ,
 "83" , "http://purl.bdrc.io/resource/W22084_0083" ,
 "62" , "http://purl.bdrc.io/resource/W22084_0062" ,
 "82" , "http://purl.bdrc.io/resource/W22084_0082" ,
 "84" , "http://purl.bdrc.io/resource/W22084_0084" ,
 "69" , "http://purl.bdrc.io/resource/W22084_0069" ,
 "64" , "http://purl.bdrc.io/resource/W22084_0064" ,
 "66" , "http://purl.bdrc.io/resource/W22084_0066" ,
 "88" , "http://purl.bdrc.io/resource/W22084_0088" ,
 "73" , "http://purl.bdrc.io/resource/W22084_0073" ,
 "80" , "http://purl.bdrc.io/resource/W22084_0080" ,
 "90" , "http://purl.bdrc.io/resource/W22084_0090" ,
 "59" , "http://purl.bdrc.io/resource/W22084_0059" ,
 "51" , "http://purl.bdrc.io/resource/W22084_0051" ,
 "49" , "http://purl.bdrc.io/resource/W22084_0049" ,
 "45" , "http://purl.bdrc.io/resource/W22084_0045" ,
 "54" , "http://purl.bdrc.io/resource/W22084_0054" ,
 "53" , "http://purl.bdrc.io/resource/W22084_0053" ,
 "65" , "http://purl.bdrc.io/resource/W22084_0065" ,
 "87" , "http://purl.bdrc.io/resource/W22084_0087" ,
 "86" , "http://purl.bdrc.io/resource/W22084_0086" ,
 "61" , "http://purl.bdrc.io/resource/W22084_0061" ,
 "60" , "http://purl.bdrc.io/resource/W22084_0060" ,
 "47" , "http://purl.bdrc.io/resource/W22084_0047" ,
 "56" , "http://purl.bdrc.io/resource/W22084_0056" ,
 "55" , "http://purl.bdrc.io/resource/W22084_0055" ,
 "67" , "http://purl.bdrc.io/resource/W22084_0067" ,
 "63" , "http://purl.bdrc.io/resource/W22084_0063" ,
 "74" , "http://purl.bdrc.io/resource/W22084_0074" ,
 "92" , "http://purl.bdrc.io/resource/W22084_0092" ,
 "91" , "http://purl.bdrc.io/resource/W22084_0091" ,
 "48" , "http://purl.bdrc.io/resource/W22084_0048" ,
 "58" , "http://purl.bdrc.io/resource/W22084_0058" ,
 "68" , "http://purl.bdrc.io/resource/W22084_0068" ,
 "77" , "http://purl.bdrc.io/resource/W22084_0077" ,
 "76" , "http://purl.bdrc.io/resource/W22084_0076" ,
 "75" , "http://purl.bdrc.io/resource/W22084_0075" ,
 "85" , "http://purl.bdrc.io/resource/W22084_0085" ,
 "93" , "http://purl.bdrc.io/resource/W22084_0093" ,
 "50" , "http://purl.bdrc.io/resource/W22084_0050" ,
 "70" , "http://purl.bdrc.io/resource/W22084_0070" ,
 "79" , "http://purl.bdrc.io/resource/W22084_0079" ,
 "89" , "http://purl.bdrc.io/resource/W22084_0089" ,
 "10" , "http://purl.bdrc.io/resource/W22084_0010" ,
 "28" , "http://purl.bdrc.io/resource/W22084_0028" ,
 "26" , "http://purl.bdrc.io/resource/W22084_0026" ,
 "35" , "http://purl.bdrc.io/resource/W22084_0035" ,
 "42" , "http://purl.bdrc.io/resource/W22084_0042" ,
 "25" , "http://purl.bdrc.io/resource/W22084_0025" ,
 "34" , "http://purl.bdrc.io/resource/W22084_0034" ,
 "23" , "http://purl.bdrc.io/resource/W22084_0023" ,
 "36" , "http://purl.bdrc.io/resource/W22084_0036" ,
 "27" , "http://purl.bdrc.io/resource/W22084_0027" ,
 "19" , "http://purl.bdrc.io/resource/W22084_0019" ,
 "39" , "http://purl.bdrc.io/resource/W22084_0039" ,
 "24" , "http://purl.bdrc.io/resource/W22084_0024" ,
 "21" , "http://purl.bdrc.io/resource/W22084_0021" ,
 "17" , "http://purl.bdrc.io/resource/W22084_0017" ,
 "14" , "http://purl.bdrc.io/resource/W22084_0014" ,
 "30" , "http://purl.bdrc.io/resource/W22084_0030" ,
 "13" , "http://purl.bdrc.io/resource/W22084_0013" ,
 "33" , "http://purl.bdrc.io/resource/W22084_0033" ,
 "43" , "http://purl.bdrc.io/resource/W22084_0043" ,
 "38" , "http://purl.bdrc.io/resource/W22084_0038" ,
 "31" , "http://purl.bdrc.io/resource/W22084_0031" ,
 "18" , "http://purl.bdrc.io/resource/W22084_0018" ,
 "16" , "http://purl.bdrc.io/resource/W22084_0016" ,
 "41" , "http://purl.bdrc.io/resource/W22084_0041" ,
 "22" , "http://purl.bdrc.io/resource/W22084_0022" ,
 "29" , "http://purl.bdrc.io/resource/W22084_0029" ,
 "40" , "http://purl.bdrc.io/resource/W22084_0040" ,
 "32" , "http://purl.bdrc.io/resource/W22084_0032" ,
 "20" , "http://purl.bdrc.io/resource/W22084_0020" ,
 "37" , "http://purl.bdrc.io/resource/W22084_0037" ,
 "15" , "http://purl.bdrc.io/resource/W22084_0015" ,
 "1" , "http://purl.bdrc.io/resource/W22084_0001" ,
 "3" , "http://purl.bdrc.io/resource/W22084_0003" ,
 "7" , "http://purl.bdrc.io/resource/W22084_0007" ,
 "2" , "http://purl.bdrc.io/resource/W22084_0002" ,
 "5" , "http://purl.bdrc.io/resource/W22084_0005" ,
 "7a" , "http://purl.bdrc.io/resource/W22084_0007A" ,
 "6" , "http://purl.bdrc.io/resource/W22084_0006" ,
 "4" , "http://purl.bdrc.io/resource/W22084_0004" ,
 "44" , "http://purl.bdrc.io/resource/W22084_0044" ,
 "8" , "http://purl.bdrc.io/resource/W22084_0008" ,
 "845" , "http://purl.bdrc.io/resource/W22084_0845" ,
 "11" , "http://purl.bdrc.io/resource/W22084_0011" ,
 "9" , "http://purl.bdrc.io/resource/W22084_0009" ,
 "12" , "http://purl.bdrc.io/resource/W22084_0012" ,
